Time,Day_of_week,Age_band_of_driver,Sex_of_driver,Educational_level,Vehicle_driver_relation,Driving_experience,Type_of_vehicle,Owner_of_vehicle,Service_year_of_vehicle,Defect_of_vehicle,Area_accident_occured,Lanes_or_Medians,Road_allignment,Types_of_Junction,Road_surface_type,Road_surface_conditions,Light_conditions,Weather_conditions,Type_of_collision,Number_of_vehicles_involved,Number_of_casualties,Vehicle_movement,Casualty_class,Sex_of_casualty,Age_band_of_casualty,Casualty_severity,Work_of_casuality,Fitness_of_casuality,Pedestrian_movement,Cause_of_accident,Accident_severity
809,4,0,1,4,2,2,0,3,5,2,2,3,5,1,0,0,0,2,8,2,2,2,3,2,5,3,2,2,5,7,2
809,4,4,0,4,0,1,15,0,6,2,7,3,5,1,0,0,0,2,8,2,2,2,2,1,4,2,3,2,1,11,2
880,3,0,1,1,0,4,7,3,5,2,2,3,5,0,0,0,3,2,8,2,1,2,3,2,5,3,0,2,5,1,2
880,3,1,1,4,0,1,0,3,5,2,2,2,5,0,5,0,3,2,8,2,1,2,2,1,4,2,0,2,1,9,2
443,4,0,1,4,0,2,0,3,3,2,7,4,5,0,0,0,3,2,8,1,1,2,2,1,4,2,0,2,5,0,1
129,2,0,1,2,0,3,0,0,2,2,7,4,5,7,0,0,3,2,8,2,1,2,2,0,4,2,7,5,0,10,2
129,2,2,1,2,0,3,0,3,2,2,12,7,5,7,0,0,3,2,8,2,1,2,0,0,1,2,7,5,5,3,2
178,3,1,1,4,0,2,11,3,3,2,9,4,5,1,0,0,3,2,2,2,2,2,0,0,0,2,0,2,5,5,2
178,3,1,1,1,0,0,4,4,0,2,7,2,5,1,0,0,3,2,8,2,2,2,3,2,5,3,2,2,5,3,2
178,3,4,0,1,0,2,5,3,3,2,6,4,5,1,0,0,3,2,2,2,2,2,0,1,3,2,0,2,5,3,2
456,4,1,1,4,0,2,5,3,3,2,9,4,5,7,0,0,3,2,8,2,1,3,1,1,3,2,7,5,5,1,2
456,4,1,1,4,0,0,14,3,3,2,7,1,3,7,0,0,3,2,8,2,1,2,3,2,5,3,0,2,5,10,2
646,3,4,1,4,2,2,7,3,3,2,9,2,5,1,0,0,3,2,10,1,1,2,0,0,0,2,0,2,5,3,2
972,5,0,1,2,2,3,0,3,2,2,9,4,5,0,0,0,3,2,1,2,1,2,2,1,4,2,1,2,5,11,2
972,5,4,1,7,2,4,8,3,6,2,9,2,5,0,0,0,3,2,8,2,1,13,0,1,4,2,7,5,5,10,2
448,6,4,1,6,2,2,6,3,0,2,7,7,5,1,0,0,3,2,8,1,1,9,0,1,1,1,4,2,5,9,2
28,2,0,1,0,0,3,0,3,2,2,7,4,5,0,0,0,0,2,8,1,1,2,1,0,4,1,0,2,5,9,2
379,3,0,1,2,0,4,8,3,2,2,7,1,5,7,0,0,3,2,1,2,1,2,3,2,5,3,3,2,5,12,2
379,3,0,1,4,0,0,6,3,0,2,3,4,5,7,0,0,3,2,2,2,1,2,1,1,4,2,3,2,5,10,2
309,4,1,1,4,0,3,14,3,1,2,9,4,5,1,0,0,3,2,10,1,1,2,0,1,4,1,0,2,5,9,2
31,2,1,1,4,2,3,5,3,2,2,9,1,5,2,0,0,0,2,8,2,1,2,3,2,5,3,7,5,5,1,2
31,2,1,1,4,0,3,15,3,2,2,9,4,5,2,0,0,0,2,10,2,1,2,3,2,5,3,0,2,5,9,2
50,2,4,1,4,0,5,0,3,0,2,7,2,5,1,0,0,3,2,10,1,1,2,0,0,0,2,0,2,5,1,2
276,3,1,1,4,0,0,3,3,0,2,6,2,5,1,0,0,3,2,10,3,2,2,0,1,0,2,3,2,5,3,2
276,3,0,1,3,2,0,0,3,1,2,7,7,5,1,0,0,3,2,8,3,2,2,3,2,5,3,0,2,5,1,2
276,3,3,1,4,2,4,9,3,5,2,6,0,5,1,0,0,3,2,8,3,2,9,2,0,0,2,7,2,3,10,2
228,1,1,1,4,2,0,4,3,5,2,9,2,5,7,0,0,3,2,2,2,1,13,2,0,1,2,0,2,5,9,2
228,1,0,1,4,2,1,8,3,5,2,6,0,1,7,0,0,3,2,2,2,1,7,0,1,0,2,7,5,5,3,2
646,1,4,1,5,2,2,5,3,6,2,6,0,5,0,0,0,3,2,8,2,1,4,3,2,5,3,0,2,5,10,2
646,1,0,1,5,2,3,7,1,5,2,7,0,5,0,0,0,3,2,8,2,1,2,0,0,1,2,7,5,5,12,2
112,3,0,1,4,2,1,0,3,5,2,6,2,5,7,0,0,3,2,8,2,1,2,0,1,1,2,3,3,5,1,2
112,3,0,1,1,2,3,3,3,5,2,6,6,5,7,0,0,3,2,8,2,1,9,3,2,5,3,0,2,5,9,2
195,6,3,1,6,2,2,4,0,5,3,6,1,5,7,3,0,3,2,8,2,1,4,3,2,5,3,0,2,5,5,1
195,6,0,1,7,2,6,3,3,5,3,7,4,5,7,0,0,3,2,6,2,1,2,0,0,0,2,2,2,5,1,1
982,5,0,1,4,2,2,0,3,5,3,9,6,5,0,0,0,3,2,8,1,2,2,3,2,5,3,7,5,5,12,1
982,5,0,1,4,2,4,15,3,1,2,9,2,1,0,0,0,3,2,2,1,2,4,3,2,5,3,7,5,5,0,1
953,5,0,1,4,2,1,15,3,2,3,2,2,5,1,0,0,3,2,1,2,1,2,3,2,5,3,2,2,5,3,2
953,5,1,1,1,0,1,3,3,2,3,7,2,5,1,0,0,3,2,8,2,1,9,0,0,3,2,0,2,5,11,2
284,6,4,1,4,0,1,4,3,5,3,9,2,5,7,0,0,3,2,8,2,1,2,0,0,1,2,0,2,5,11,2
284,6,0,1,4,0,1,4,3,1,3,7,4,5,7,0,0,3,2,8,2,1,9,0,1,0,2,7,5,5,1,2
804,4,1,1,4,0,2,3,3,1,3,9,4,5,7,0,0,0,2,8,2,1,2,0,1,1,2,0,2,5,6,2
804,4,0,1,4,0,2,16,3,1,3,9,2,5,7,0,0,0,2,8,2,1,3,3,2,5,3,7,5,5,0,2
417,4,2,2,4,0,3,3,3,2,2,7,2,5,0,1,0,3,2,8,2,4,13,3,2,5,3,0,2,5,0,2
417,4,2,1,1,0,2,3,4,6,3,7,2,5,0,0,0,3,2,8,2,4,2,0,0,1,2,0,2,5,4,2
417,4,2,1,4,0,2,10,3,5,2,7,4,5,0,0,0,3,2,2,2,4,2,1,1,4,2,7,5,5,0,2
417,4,0,1,4,0,3,0,3,5,2,7,0,5,0,0,0,3,2,6,2,4,7,3,2,5,3,7,5,5,5,2
264,3,2,1,1,2,6,0,3,5,3,9,2,5,7,0,0,3,2,8,1,1,7,3,2,5,3,7,5,5,11,2
481,4,0,2,4,2,2,8,3,1,3,1,4,5,1,0,0,3,2,1,3,1,7,0,1,0,2,7,5,5,0,2
481,4,1,1,4,0,2,17,3,6,3,7,7,5,1,0,0,3,2,8,3,1,2,1,0,3,2,2,2,5,9,2
481,4,1,1,4,0,4,14,3,6,3,6,4,5,1,0,0,3,2,8,3,1,2,3,2,5,3,3,2,5,10,2
471,4,0,1,7,4,6,17,4,6,3,7,4,5,7,0,0,3,2,1,2,1,2,0,1,1,2,7,5,5,1,2
471,4,2,1,4,0,2,0,3,5,3,6,4,5,7,0,0,3,2,1,2,1,2,0,1,0,2,4,2,5,12,2
516,4,1,1,4,0,2,0,3,5,3,6,1,5,1,0,0,3,2,8,2,1,3,0,1,1,2,2,2,5,9,2
516,4,4,1,4,0,3,3,3,5,3,6,4,5,1,0,0,3,2,8,2,1,2,0,1,3,2,0,2,5,16,2
597,5,0,1,2,0,3,10,3,5,2,7,4,5,7,0,0,0,2,8,2,1,3,1,0,3,2,2,2,5,0,2
597,5,1,1,4,0,3,10,0,5,3,7,0,5,7,0,0,0,2,8,2,1,3,1,0,1,2,0,2,5,1,2
1041,0,1,1,4,0,3,4,3,5,2,6,3,5,7,0,0,3,2,8,2,1,2,1,1,4,2,2,2,5,16,2
1041,0,1,1,4,0,3,4,3,5,3,9,7,5,7,0,0,3,2,2,2,1,4,1,0,0,2,7,2,5,14,2
229,5,3,1,4,0,3,8,0,1,3,1,4,5,2,0,0,3,2,8,2,2,2,0,1,1,2,0,2,5,13,2
229,5,3,1,4,0,2,0,3,0,2,7,7,5,2,0,0,3,2,8,2,2,4,0,0,3,2,0,2,5,12,2
229,5,3,1,4,0,1,0,3,3,2,9,7,5,2,0,0,3,2,8,2,2,2,0,1,0,2,3,2,5,1,2
414,6,2,1,4,0,4,0,3,5,2,7,7,5,7,0,0,3,2,8,2,1,7,3,2,5,3,7,5,5,9,1
414,6,1,1,4,0,4,3,3,5,3,7,7,5,7,0,0,3,2,8,2,1,13,3,2,5,3,7,5,5,0,1
14,6,0,1,4,0,1,3,3,2,3,7,1,5,0,0,0,0,2,8,2,1,2,3,2,5,3,1,2,5,11,2
14,6,1,1,1,0,4,0,3,5,2,7,2,5,0,0,0,0,2,8,2,1,2,1,0,4,2,0,2,5,10,2
114,6,2,2,4,0,4,14,3,1,2,7,7,5,1,0,0,3,2,8,1,1,2,3,2,5,3,2,2,5,12,2
640,4,2,1,4,0,6,17,3,5,2,12,4,5,0,0,0,3,2,8,2,1,2,0,1,0,2,0,2,5,10,2
640,4,0,1,7,0,2,7,3,6,2,6,2,5,0,0,0,3,2,8,2,1,2,2,1,4,2,0,2,5,10,2
685,4,2,2,6,0,4,13,3,5,2,6,2,5,7,0,0,0,2,8,1,1,2,3,2,5,3,0,2,5,9,1
426,5,3,1,4,0,4,5,3,2,2,6,2,5,1,0,0,3,2,8,2,1,4,0,0,1,2,0,2,5,1,2
426,5,4,0,4,0,0,8,3,5,2,12,6,5,1,0,0,3,2,8,2,1,2,1,1,3,2,0,2,5,11,2
621,2,1,1,1,0,3,4,0,6,2,12,4,5,7,0,0,0,2,8,2,1,2,1,0,1,2,0,2,5,9,2
621,2,2,1,1,0,3,5,3,6,2,6,2,5,7,0,0,0,2,8,2,1,2,1,0,1,2,0,2,5,7,2
944,1,0,1,1,0,4,6,3,6,2,6,2,5,0,0,0,3,2,2,1,1,2,0,1,1,2,0,2,5,16,2
251,1,0,1,2,0,1,0,0,3,2,12,2,5,7,0,0,3,2,8,2,1,7,2,0,0,2,7,2,7,14,2
251,1,1,1,4,0,1,0,3,0,2,14,2,5,7,0,0,3,2,8,2,1,2,3,2,5,3,7,2,5,1,2
967,6,1,1,0,0,3,0,3,3,2,7,2,5,0,0,0,3,2,8,2,1,2,0,0,0,2,7,2,5,8,2
967,6,4,1,4,0,1,14,3,4,2,7,4,5,0,0,0,3,2,8,2,1,4,2,0,0,2,7,2,0,13,2
204,1,1,1,4,0,1,17,3,3,2,7,2,5,7,0,0,3,2,1,2,1,2,2,1,4,2,7,2,5,0,2
204,1,4,1,2,0,0,11,3,5,2,9,4,5,7,0,0,3,2,8,2,1,2,3,2,5,3,7,2,5,1,2
486,5,1,1,4,0,2,11,0,0,2,7,4,5,7,0,0,3,2,8,2,1,2,0,0,0,2,7,2,5,11,2
486,5,1,1,4,0,4,14,3,0,2,7,4,5,7,0,0,3,2,8,2,1,9,2,0,0,2,7,2,1,15,2
391,5,0,1,4,0,4,0,3,6,2,4,4,5,1,0,0,3,2,8,2,1,2,2,1,4,2,0,5,1,0,2
391,5,4,1,1,0,6,2,3,6,2,1,4,5,1,0,0,3,2,8,2,1,2,3,2,5,3,0,5,5,12,2
476,0,0,2,4,0,4,0,3,3,2,2,2,5,7,0,0,3,2,8,2,1,7,0,1,1,2,0,2,5,1,2
476,0,4,1,4,0,0,5,3,6,3,6,2,5,7,0,0,3,2,8,2,1,4,3,2,5,3,0,2,5,10,2
535,4,4,1,1,0,1,0,3,6,3,7,2,5,7,0,0,3,2,8,1,1,2,0,0,1,2,0,2,5,11,2
438,6,4,1,2,0,0,10,3,6,3,6,4,5,1,0,0,3,2,1,1,1,2,3,2,5,3,7,2,5,10,2
448,6,0,1,4,0,2,13,3,6,3,6,2,5,7,0,0,3,2,8,2,1,3,0,0,0,1,0,2,5,12,2
448,6,4,2,4,0,4,0,3,6,3,7,2,5,7,0,0,3,2,8,2,1,7,2,0,1,2,0,2,5,13,2
485,0,0,1,2,0,3,10,3,3,3,9,4,5,7,0,0,3,2,8,2,1,2,0,0,1,2,3,2,5,3,2
485,0,4,0,1,2,2,17,3,3,3,6,7,7,7,0,0,3,2,8,2,1,2,3,2,5,3,0,2,5,0,2
1057,0,1,1,1,0,4,5,3,3,2,9,7,5,2,0,0,3,2,2,2,1,3,0,0,0,2,0,2,5,3,2
1057,0,2,2,4,0,2,5,4,6,3,12,2,5,2,0,0,3,2,8,2,1,2,1,0,4,2,3,2,5,0,2
422,2,1,1,1,2,2,9,3,3,2,6,2,2,1,0,0,3,2,8,2,1,2,0,0,1,2,7,5,5,12,2
422,2,3,1,4,0,1,5,3,2,2,7,7,5,1,0,0,3,2,8,2,1,2,1,0,4,2,0,2,5,10,2
379,3,1,2,4,0,3,5,3,3,2,7,4,5,7,0,0,3,2,8,1,2,2,1,0,4,2,2,2,5,1,2
379,3,1,1,4,0,2,9,3,3,2,2,7,5,7,0,0,3,2,8,1,2,2,3,2,5,3,0,2,5,1,2
362,4,1,1,2,0,0,11,3,6,2,6,2,5,7,0,0,3,2,8,1,3,2,3,2,5,3,3,2,5,2,2
362,4,1,1,1,0,2,0,3,6,2,7,2,5,7,0,0,3,2,8,1,3,13,3,2,5,3,0,2,5,10,2
362,4,1,1,1,0,1,8,3,6,2,6,2,6,7,0,0,3,2,2,1,3,2,0,1,0,2,0,2,5,1,2
347,4,0,1,4,0,4,14,3,6,2,6,2,5,0,0,0,3,2,8,1,2,7,1,1,0,2,7,5,5,0,2
347,4,0,1,4,0,4,7,3,3,2,6,2,2,0,0,0,3,2,8,1,2,2,2,0,4,2,0,2,0,7,2
502,4,1,1,4,0,2,17,3,3,2,2,4,2,1,0,0,3,2,8,2,1,2,0,0,1,2,0,2,5,13,2
502,4,0,1,4,2,2,0,3,3,2,6,4,1,1,0,0,3,2,8,2,1,2,3,2,5,3,7,5,5,13,2
777,4,1,1,1,0,0,14,3,2,2,7,0,1,0,0,0,0,2,6,2,1,2,3,2,5,3,7,5,5,10,2
777,4,1,1,4,0,6,8,3,6,3,7,2,5,0,0,0,0,2,8,2,1,2,0,1,1,2,0,2,5,12,2
500,0,1,1,1,0,3,5,3,2,2,2,5,7,1,1,0,3,2,8,2,1,2,1,0,4,2,0,2,5,16,2
500,0,4,1,4,2,0,0,3,0,3,12,4,5,1,0,0,3,2,2,2,1,4,3,2,5,3,7,5,5,11,2
280,1,1,1,7,4,6,17,4,6,3,2,2,5,0,0,0,3,2,8,2,1,3,0,1,1,2,7,5,5,10,2
280,1,4,1,4,0,3,5,3,3,3,6,4,5,0,0,0,3,2,8,2,1,4,2,0,0,1,0,2,0,1,2
954,0,1,1,1,2,1,5,3,1,2,7,7,5,0,0,0,3,2,8,2,1,2,2,0,4,2,0,2,5,3,2
954,0,4,1,4,0,2,5,3,3,3,2,2,4,0,3,0,3,2,2,2,1,2,0,1,0,2,7,5,5,1,2
1061,6,1,1,4,0,4,8,0,0,2,7,0,5,0,0,0,3,2,2,1,1,2,1,1,0,2,7,5,5,16,1
979,6,1,1,4,0,2,8,0,3,3,7,0,5,1,0,0,3,2,8,1,1,4,0,0,1,2,0,2,5,13,2
958,6,1,1,2,0,3,0,1,2,2,6,2,1,0,0,3,3,4,8,2,1,2,3,2,5,3,0,2,5,4,2
958,6,0,1,4,0,2,7,1,3,2,7,2,5,0,0,3,3,4,2,2,1,13,3,2,5,3,7,5,5,2,2
669,6,1,2,1,0,0,17,3,1,2,7,2,5,7,0,0,0,2,2,2,1,2,0,1,1,2,0,5,5,19,2
669,6,4,0,4,0,6,0,0,6,2,9,2,5,7,0,0,0,2,8,2,1,2,3,2,5,3,0,2,5,1,2
972,4,1,1,0,0,0,0,3,3,2,9,6,5,0,0,0,3,2,1,2,1,2,0,1,0,2,4,2,5,10,2
972,4,1,1,4,0,3,11,3,2,2,6,4,5,0,0,0,3,2,8,2,1,2,0,1,0,2,7,5,5,13,2
299,4,0,1,4,0,0,5,3,6,2,1,7,9,0,0,0,3,2,8,2,1,3,0,0,0,2,7,5,5,12,2
299,4,1,1,4,0,2,11,0,6,2,6,7,6,0,2,0,3,2,8,2,1,3,0,0,3,1,7,2,5,0,2
161,0,0,1,4,0,1,17,3,2,2,4,7,5,7,0,0,3,2,8,1,1,2,1,1,3,2,0,2,5,11,2
321,0,1,1,7,4,6,17,4,6,3,14,6,9,1,5,0,3,2,8,2,1,2,2,1,4,2,0,2,2,16,2
321,0,0,1,4,0,1,0,3,6,2,9,4,5,1,5,0,3,2,2,2,1,9,2,1,4,1,7,5,5,3,2
662,0,2,1,4,0,1,0,0,3,2,9,7,5,7,0,0,0,2,2,1,1,2,3,2,5,3,7,5,5,12,1
990,2,1,1,4,0,3,5,3,0,2,4,7,5,1,2,0,3,2,8,2,1,2,1,0,1,2,7,5,5,11,1
990,2,1,1,4,0,0,0,3,1,2,9,4,5,1,0,0,3,2,8,2,1,2,3,2,5,3,7,5,5,1,1
388,2,0,1,0,2,0,10,3,5,2,9,7,5,0,0,0,3,2,8,1,1,2,0,0,1,2,0,2,5,3,2
326,3,1,1,0,0,5,0,3,6,2,6,4,5,7,2,0,3,2,8,2,1,2,3,2,5,3,0,2,5,1,2
326,3,0,1,4,0,0,11,3,1,2,6,0,0,7,0,0,3,2,8,2,1,2,0,1,1,2,0,2,5,1,2
655,5,1,1,4,0,2,5,3,3,2,6,7,5,0,0,0,0,2,8,2,1,2,2,0,3,1,2,2,1,0,2
655,5,3,1,4,0,3,0,3,0,2,6,4,0,0,0,0,0,2,8,2,1,2,3,2,5,3,0,2,5,17,2
234,6,4,1,4,0,3,4,3,6,2,6,1,5,7,0,0,3,2,8,1,1,13,0,1,0,2,7,5,5,3,2
58,6,1,1,4,2,2,10,3,6,2,6,4,5,7,0,0,3,2,8,1,1,4,2,0,3,2,0,2,6,10,1
491,4,1,1,1,0,1,10,3,6,2,6,7,5,7,0,0,3,2,8,2,1,1,3,2,5,3,0,2,5,3,2
491,4,4,1,4,0,1,17,3,3,2,9,7,5,7,0,0,3,2,5,2,1,2,0,1,3,1,5,2,5,0,2
839,2,1,1,4,0,4,3,3,2,2,9,1,5,1,0,0,0,2,8,2,2,2,1,0,4,2,0,2,5,12,2
839,2,0,1,4,0,1,5,3,6,2,7,1,5,1,0,0,0,2,2,2,2,2,1,0,4,2,0,2,5,1,2
237,3,1,1,4,0,1,4,3,2,2,2,4,5,7,0,3,3,4,8,1,1,4,3,2,5,3,0,2,5,10,2
950,4,2,1,1,0,2,5,3,6,2,1,7,5,7,0,0,3,2,8,2,1,2,0,1,1,2,0,2,5,9,2
950,4,0,1,4,0,3,9,3,6,3,4,4,5,7,0,0,3,2,8,2,1,3,3,2,5,3,1,2,5,9,2
761,0,0,1,7,4,6,17,4,6,3,9,7,9,7,1,0,0,2,8,2,1,4,2,0,1,2,0,2,6,10,2
761,0,4,1,4,0,1,15,3,3,2,9,7,8,7,0,0,0,2,8,2,1,2,3,2,5,3,3,2,5,10,2
461,0,1,1,4,0,2,17,3,1,2,6,0,5,0,0,0,3,2,8,2,2,2,0,0,1,2,0,2,5,10,2
461,0,0,1,0,0,1,0,3,1,2,0,4,5,0,0,0,3,2,2,2,2,2,2,1,4,1,0,2,1,11,2
461,0,0,1,7,4,6,17,4,6,3,13,7,5,0,0,0,3,2,2,2,2,13,3,2,5,3,7,5,5,3,2
348,4,0,1,7,0,0,5,3,6,2,4,7,5,1,0,0,3,2,8,2,1,2,0,1,1,2,0,2,5,1,1
348,4,4,1,4,0,1,0,3,6,2,9,3,5,1,0,0,3,2,2,2,1,2,1,0,1,2,7,5,5,0,1
565,2,0,1,4,0,3,0,0,4,2,9,4,5,1,0,0,3,2,2,2,1,2,0,1,0,2,7,5,5,3,2
565,2,4,1,4,0,4,5,3,2,2,7,4,5,1,0,0,3,2,8,2,1,2,3,2,5,3,7,2,5,3,2
506,2,4,2,4,0,1,0,0,6,2,9,7,5,7,0,0,3,2,8,2,1,2,3,2,5,3,0,2,5,10,2
506,2,0,1,4,0,4,0,3,0,2,10,4,1,7,0,0,3,2,2,2,1,2,0,1,1,2,0,2,5,13,2
326,6,1,1,2,0,2,0,3,1,2,10,4,1,7,0,0,3,2,8,1,1,2,3,2,5,3,0,2,5,1,2
228,6,0,1,0,0,0,15,3,6,2,6,0,5,7,0,0,3,2,8,2,1,2,0,1,1,2,0,2,5,1,2
228,6,0,1,4,0,4,17,3,1,2,9,4,1,7,0,0,3,2,8,2,1,2,3,2,5,3,0,2,5,10,2
567,5,0,1,7,4,6,17,3,6,3,9,7,5,7,0,0,0,2,8,2,1,2,2,1,4,2,0,2,2,10,2
567,5,0,1,2,0,4,0,3,6,1,5,7,5,7,0,0,0,2,8,2,1,2,2,1,4,2,1,2,5,17,2
743,6,1,1,2,0,4,8,3,3,3,9,7,5,7,0,0,0,2,8,2,1,13,3,2,5,3,7,2,5,2,2
743,6,4,1,7,4,6,17,3,2,0,2,7,5,7,0,0,0,2,1,2,1,2,0,1,0,2,0,2,5,12,2
321,1,3,1,2,0,1,0,3,6,2,6,4,5,7,0,0,3,2,8,2,1,2,0,1,0,2,7,5,5,11,2
321,1,4,2,4,0,3,9,3,5,2,6,2,7,7,0,0,3,2,2,2,1,2,1,0,0,2,3,2,5,12,2
304,5,1,1,4,0,3,10,0,6,2,6,2,0,0,3,0,3,2,8,2,1,2,3,2,5,3,7,5,5,13,2
304,5,4,1,4,0,2,4,3,1,3,7,4,7,0,0,0,3,2,8,2,1,9,0,1,1,2,3,2,5,13,2
948,3,2,1,4,0,0,14,3,1,3,7,4,5,7,0,0,3,2,8,2,1,3,1,0,0,2,7,5,5,9,2
948,3,1,1,5,0,4,12,3,5,2,9,2,5,7,0,0,3,2,8,2,1,2,2,0,1,2,3,2,6,10,2
81,3,4,1,4,0,4,14,3,6,3,7,2,5,7,0,0,3,2,8,2,1,2,0,0,1,2,7,5,5,9,2
81,3,1,1,2,0,1,0,3,4,3,7,4,6,7,0,0,3,2,8,2,1,3,1,0,3,2,7,5,5,12,2
879,0,1,1,4,2,0,0,3,2,3,7,2,5,0,0,3,0,4,8,2,3,2,3,2,5,3,3,2,5,3,2
879,0,1,1,4,0,2,7,0,2,2,7,4,5,0,0,3,0,4,8,2,3,3,0,1,0,2,1,2,5,10,2
879,0,1,1,1,0,1,15,3,1,2,7,0,6,0,0,3,0,4,8,2,3,2,3,2,5,3,2,2,5,13,2
879,0,4,1,1,2,2,0,3,6,2,7,2,5,0,0,3,0,4,2,2,3,2,3,2,5,3,1,2,5,1,2
966,0,1,1,4,0,3,14,3,1,3,2,2,5,7,0,0,3,2,8,2,1,2,0,1,0,2,7,5,5,10,2
966,0,4,1,4,0,2,0,3,2,3,7,4,5,7,0,0,3,2,2,2,1,4,3,2,5,3,1,2,5,3,2
704,3,0,1,2,0,2,9,1,1,3,4,2,5,1,0,0,0,2,8,2,1,4,0,0,0,2,7,5,5,10,2
704,3,0,1,4,0,2,17,3,6,2,9,0,5,1,0,0,0,2,8,2,1,2,2,1,4,1,1,2,5,12,2
458,2,0,1,4,0,3,0,0,3,2,7,2,5,1,0,0,3,2,10,2,2,7,3,2,5,3,1,2,5,1,2
458,2,1,1,4,4,0,5,3,6,2,6,2,5,1,3,0,3,2,1,2,2,2,0,1,1,2,1,2,5,11,2
458,2,1,1,4,0,1,17,3,6,2,4,5,5,1,0,0,3,2,8,2,2,2,3,2,5,3,0,2,5,12,2
453,3,1,2,4,0,0,11,3,0,2,4,0,5,0,0,0,3,2,8,1,1,2,1,1,1,2,0,2,5,0,1
486,4,1,1,7,4,6,17,3,6,2,7,2,5,7,0,0,3,2,8,2,1,2,3,2,5,3,4,2,5,18,2
486,4,4,1,1,0,2,9,1,3,3,3,2,5,7,0,0,3,2,1,2,1,3,0,1,3,2,0,2,5,4,2
50,4,1,1,4,0,2,9,3,5,3,6,1,5,0,2,0,3,2,2,2,1,2,2,0,4,2,3,2,5,3,2
50,4,0,1,4,0,3,0,3,1,2,2,4,5,0,0,0,3,2,10,2,1,2,1,0,3,2,7,5,5,4,2
443,1,0,1,4,0,1,0,1,2,2,3,4,7,7,0,0,3,2,8,2,1,2,3,2,5,3,7,5,5,3,2
443,1,1,1,4,2,3,11,3,3,2,6,7,5,7,5,0,3,2,10,2,1,2,3,2,5,3,0,2,5,11,2
1024,3,1,1,4,0,1,5,3,1,2,7,2,0,7,3,0,3,2,10,2,1,2,2,1,3,0,0,2,1,3,2
1024,3,4,0,1,1,2,11,3,0,3,6,4,5,7,0,0,3,2,10,2,1,3,0,1,0,2,0,2,5,1,2
526,5,0,1,1,0,2,17,3,1,3,6,2,7,0,5,0,3,2,8,1,1,2,1,1,4,2,0,2,5,9,2
106,5,3,1,4,4,2,17,3,6,2,7,0,3,7,0,0,3,2,8,2,1,2,0,1,4,1,7,5,5,3,2
106,5,4,1,4,0,2,0,3,0,2,6,4,6,7,2,0,3,2,2,2,1,3,1,1,4,1,0,2,5,1,2
574,5,0,1,1,0,3,0,3,6,2,9,4,5,0,0,0,0,2,2,2,1,3,1,1,4,1,3,2,5,3,2
574,5,4,1,4,4,4,5,3,5,3,7,2,5,0,0,0,0,2,8,2,1,2,0,1,1,2,3,2,5,3,2
498,3,3,1,4,0,2,0,3,1,3,6,0,5,1,0,0,3,2,8,2,1,9,3,2,5,3,3,2,5,3,2
498,3,1,1,1,0,0,10,3,2,3,6,4,7,1,0,0,3,2,8,2,1,9,3,2,5,3,0,2,5,1,2
435,0,1,1,7,4,6,0,4,6,3,6,7,5,0,0,0,3,2,8,1,1,2,0,1,0,2,2,2,5,1,2
854,1,4,1,4,0,3,11,3,2,2,7,2,6,7,2,0,0,2,8,1,1,2,0,1,3,1,7,5,5,3,2
570,5,0,1,2,2,1,5,3,6,2,2,4,5,1,0,0,0,2,6,2,1,2,0,1,3,1,3,2,5,16,2
570,5,4,1,4,0,0,0,3,5,2,4,4,5,1,0,0,0,2,8,2,1,2,1,1,3,2,2,2,5,1,2
352,1,2,1,4,0,0,4,3,0,2,6,0,5,7,0,0,3,2,2,1,1,2,1,1,3,1,7,5,5,10,2
292,1,1,1,0,2,1,10,3,5,2,2,4,5,7,0,0,3,2,1,2,1,2,1,1,1,2,7,5,5,13,1
292,1,1,2,7,4,6,10,3,6,3,6,4,5,7,0,0,3,2,8,2,1,1,3,2,5,3,0,2,5,1,1
209,1,0,1,1,2,1,17,3,6,2,6,7,5,7,0,0,3,2,8,1,1,3,0,1,0,2,7,5,5,1,2
364,5,1,1,4,0,0,3,3,6,3,9,2,5,2,0,0,3,2,8,2,1,4,1,0,3,2,0,2,5,16,2
364,5,1,1,7,2,2,5,3,2,3,6,2,5,2,0,0,3,2,8,2,1,2,2,1,4,1,0,2,5,13,2
476,5,1,1,4,0,4,4,3,2,3,9,4,5,1,0,0,3,2,8,3,2,2,2,1,1,2,0,2,5,4,2
476,5,0,1,4,0,1,5,3,1,3,6,0,5,1,0,0,3,2,8,3,2,2,0,1,3,2,0,2,5,16,2
476,5,4,0,4,0,2,9,3,1,2,6,0,5,1,0,0,3,2,8,3,2,2,3,2,5,3,3,2,5,12,2
476,5,0,1,4,0,3,17,4,6,2,7,2,5,0,2,0,3,2,2,2,1,2,0,1,1,2,3,2,5,9,2
476,5,3,1,1,0,1,15,3,5,2,7,2,5,0,0,0,3,2,6,2,1,2,3,2,5,3,0,2,5,13,2
721,0,0,2,1,2,3,17,3,3,2,9,2,5,2,0,0,0,2,8,2,1,2,3,2,5,3,0,2,5,12,2