Time,Day_of_week,Age_band_of_driver,Sex_of_driver,Educational_level,Vehicle_driver_relation,Driving_experience,Type_of_vehicle,Owner_of_vehicle,Service_year_of_vehicle,Defect_of_vehicle,Area_accident_occured,Lanes_or_Medians,Road_allignment,Types_of_Junction,Road_surface_type,Road_surface_conditions,Light_conditions,Weather_conditions,Type_of_collision,Number_of_vehicles_involved,Number_of_casualties,Vehicle_movement,Casualty_class,Sex_of_casualty,Age_band_of_casualty,Casualty_severity,Work_of_casuality,Fitness_of_casuality,Pedestrian_movement,Cause_of_accident,Accident_severity
141,4,4,0,4,0,2,0,3,3,2,6,4,1,1,0,0,3,2,2,2,1,2,3,2,5,3,3,2,5,10,2
1032,6,4,1,2,0,2,8,3,2,2,7,0,1,1,2,0,3,2,8,1,1,2,0,1,0,2,7,5,5,0,2
393,0,0,1,4,0,2,9,3,6,3,7,2,5,7,0,0,3,2,8,1,1,2,3,2,5,3,4,2,5,12,1
717,5,1,1,4,0,1,0,3,2,2,2,5,7,1,0,3,0,2,2,2,1,1,0,1,0,2,2,2,5,9,2
717,5,0,1,6,0,2,0,3,0,3,12,4,5,1,0,3,0,2,8,2,1,3,3,2,5,3,0,2,5,9,2
918,4,1,1,4,0,3,0,4,6,3,2,2,5,5,0,3,0,4,8,1,1,2,0,1,1,2,2,2,5,10,1
729,2,1,1,4,0,0,14,3,3,3,6,4,5,7,0,3,0,2,8,2,1,9,1,1,0,2,0,2,5,1,2
729,2,3,1,6,0,4,7,3,1,2,7,7,5,7,0,3,0,2,6,2,1,2,3,2,5,3,2,2,5,1,2
990,4,3,2,1,0,0,7,3,3,3,2,2,4,7,0,3,3,8,6,2,1,13,2,0,0,2,7,2,5,9,2
990,4,3,1,4,0,2,7,0,0,2,7,0,5,7,3,3,3,8,1,2,1,2,0,1,1,2,0,2,5,3,2
716,6,4,0,1,0,3,10,0,3,3,7,0,5,7,0,3,0,8,8,2,1,2,3,2,5,3,0,2,5,5,2
716,6,0,1,4,0,2,5,1,2,2,6,2,1,7,0,3,0,8,8,2,1,2,3,2,5,3,3,2,5,10,2
438,4,3,1,1,0,1,9,1,3,2,7,2,5,1,0,3,0,2,8,2,1,2,0,0,0,2,7,5,5,10,2
438,4,2,1,4,0,1,0,3,1,2,7,2,5,1,4,3,0,2,1,2,1,9,3,2,5,3,7,5,5,12,2
299,2,4,1,4,0,3,0,0,6,2,9,2,5,7,0,3,3,2,1,2,1,9,0,1,1,2,1,2,5,4,2
299,2,0,1,4,0,1,14,3,1,2,6,2,5,7,0,3,3,2,8,2,1,2,0,1,0,2,0,2,5,12,2
39,5,0,1,4,2,4,5,3,1,2,2,1,5,7,0,3,3,2,8,2,1,1,3,2,5,3,2,2,5,12,2
39,5,4,1,4,0,1,5,3,0,2,14,4,5,7,0,3,3,2,8,2,1,1,0,1,0,2,0,2,5,12,2
145,2,1,1,4,0,3,5,3,3,3,0,7,3,7,0,0,3,2,2,2,1,2,3,2,5,3,0,2,5,10,2
145,2,1,1,4,0,1,11,3,3,2,9,6,5,7,0,0,3,2,8,2,1,5,0,1,3,2,0,2,5,9,2
388,1,1,1,1,0,3,9,3,2,2,6,4,5,4,0,3,0,3,2,1,1,7,3,2,5,3,0,2,5,1,1
669,2,4,0,1,0,3,7,3,6,2,1,7,9,0,0,0,0,2,8,2,1,2,0,1,1,1,0,2,5,3,2
669,2,1,1,1,1,3,9,0,6,2,6,7,6,0,0,0,0,2,8,2,1,1,3,2,5,3,0,2,5,0,2
91,3,4,1,4,0,3,7,3,2,2,4,7,5,1,0,3,3,2,2,2,1,1,3,2,5,3,0,2,5,10,1
91,3,0,1,4,0,4,9,4,6,3,14,6,9,1,0,3,3,2,8,2,1,7,0,1,1,2,0,2,5,1,1
82,0,2,1,1,0,2,14,3,6,2,9,4,5,1,0,0,3,7,8,1,1,9,3,2,5,3,7,2,5,5,2
309,2,0,1,4,0,1,0,0,3,2,9,7,5,7,0,3,3,4,2,2,1,3,0,1,1,2,7,2,5,10,2
309,2,1,1,4,0,3,5,3,0,2,4,7,5,7,0,3,3,4,2,2,1,2,3,2,5,3,7,2,5,17,2
453,2,2,1,4,0,4,13,3,1,2,9,4,5,7,3,3,0,2,8,2,1,2,1,1,0,2,7,2,5,10,1
453,2,0,1,4,2,1,5,3,5,2,9,7,5,7,0,3,0,2,8,2,1,2,0,1,1,2,7,2,5,1,1
481,2,0,1,4,0,3,5,3,6,2,6,4,5,1,0,3,0,3,8,2,1,2,3,2,5,3,7,2,5,12,2
481,2,3,1,6,0,1,11,3,1,2,6,0,0,1,0,3,0,3,8,2,1,7,3,2,5,3,7,2,5,1,2
195,4,4,1,4,0,1,0,3,3,2,6,7,5,1,4,0,3,2,8,1,1,2,2,1,1,2,7,2,6,0,2
516,3,4,0,2,0,1,0,3,0,2,6,4,0,1,0,0,0,0,8,1,1,2,0,1,4,2,0,5,5,10,2
618,1,3,1,4,0,0,0,3,6,2,6,1,5,7,4,3,0,0,8,2,1,2,3,2,5,3,0,5,5,11,2
618,1,4,1,2,0,2,11,3,6,2,6,4,5,7,0,3,0,0,8,2,1,2,3,2,5,3,0,2,5,3,2
102,1,4,1,1,0,1,4,3,6,2,6,7,5,1,0,0,3,7,8,1,1,1,0,1,1,2,0,2,5,10,2
374,5,1,1,4,0,0,8,3,3,2,9,7,5,1,0,0,3,2,8,2,2,2,3,2,5,3,0,2,5,3,2
374,5,1,1,1,0,0,4,3,2,2,9,1,5,1,0,0,3,2,8,2,2,2,0,1,0,2,7,2,5,3,2
374,5,4,1,2,0,5,8,3,6,2,7,1,5,1,0,0,3,2,8,2,2,2,0,0,0,2,0,2,5,9,2
90,0,2,1,4,2,2,13,3,2,2,2,4,5,1,0,0,3,2,8,1,1,2,3,2,5,3,0,2,5,16,2
333,6,2,1,4,0,0,4,3,6,2,1,7,5,0,0,0,3,2,8,1,1,7,1,0,1,2,3,2,5,12,2
352,6,4,2,4,0,1,17,3,6,3,4,4,5,3,0,0,3,2,8,2,2,3,3,2,5,3,0,2,5,12,2
352,6,1,1,4,0,2,17,4,6,3,9,7,9,3,0,0,3,2,8,2,2,2,2,0,3,2,0,2,5,0,2
352,6,1,1,7,4,6,5,3,3,2,9,7,8,3,0,0,3,2,8,2,2,2,3,2,5,3,3,2,5,12,2
1015,0,1,1,7,4,6,7,3,1,2,6,0,5,7,0,3,3,2,8,2,1,2,0,1,1,2,7,5,5,10,2
1015,0,3,1,4,0,1,7,3,1,2,0,4,5,7,0,3,3,2,2,2,1,2,3,2,5,3,0,2,5,9,2
1017,1,0,1,4,0,3,0,4,6,3,13,7,5,7,0,3,3,2,8,2,1,2,0,1,0,2,2,2,5,1,2
1017,1,0,1,4,2,3,7,3,6,2,4,7,5,7,0,3,3,2,1,2,1,2,0,0,3,2,0,2,5,10,2
428,4,1,1,7,4,6,0,3,6,2,9,3,5,3,0,3,0,3,8,2,1,9,3,2,5,3,3,2,5,16,2
428,4,3,1,1,2,3,10,0,4,2,9,4,5,3,0,3,0,3,2,2,1,2,3,2,5,3,0,2,5,10,2
486,3,4,0,7,4,6,5,3,2,2,7,4,5,1,0,0,3,7,8,2,1,4,0,1,1,1,0,2,5,0,2
486,3,1,1,4,2,2,17,0,6,2,9,7,5,1,0,0,3,7,8,2,1,2,3,2,5,3,7,5,5,5,2
880,5,0,1,4,2,3,0,3,0,2,10,4,1,5,0,0,0,2,8,2,1,2,0,1,0,2,0,2,5,10,2
880,5,0,1,2,2,3,17,3,1,2,10,4,1,5,0,0,0,2,8,2,1,2,0,1,3,2,0,2,5,10,2
328,1,0,1,7,4,6,5,3,6,2,6,0,5,7,0,0,3,2,8,1,1,2,3,2,5,3,7,5,5,1,2
1027,4,0,1,1,0,2,17,3,1,2,9,4,1,1,2,2,3,1,6,1,1,2,3,2,5,3,7,5,5,0,2
836,2,4,1,1,2,3,5,3,6,3,9,7,5,1,0,3,0,3,2,2,1,3,0,0,0,2,0,2,5,9,2
836,2,0,1,4,2,4,15,3,6,1,5,7,5,1,0,3,0,3,8,2,1,3,3,2,5,3,0,2,5,10,2
112,5,0,1,4,2,1,5,3,3,3,9,7,5,7,0,0,3,2,8,1,1,3,0,1,0,2,7,5,5,10,2
1042,5,2,1,4,2,1,5,3,2,0,2,7,5,0,0,3,3,2,2,2,1,4,0,1,0,2,7,5,5,3,2
1042,5,0,1,2,2,2,7,3,6,2,6,4,5,0,0,3,3,2,8,2,1,2,3,2,5,3,0,2,5,9,2
906,1,0,1,4,2,6,14,3,5,2,6,2,7,1,0,0,3,3,8,2,1,11,3,2,5,3,0,2,5,10,1
906,1,0,1,7,2,4,14,0,6,2,6,2,0,1,0,0,3,3,8,2,1,9,0,1,0,2,7,5,5,1,1
476,1,4,1,1,2,3,5,3,1,3,7,4,7,7,0,0,0,2,8,2,1,1,0,1,2,2,7,5,5,3,2
476,1,0,1,1,2,4,5,3,1,3,7,4,5,7,0,0,0,2,8,2,1,2,1,1,0,2,0,2,5,4,2
982,0,4,1,4,2,2,7,3,5,2,9,2,5,1,0,3,3,2,8,2,2,2,1,1,4,2,0,2,5,1,2
982,0,3,1,4,2,2,0,3,6,3,7,2,5,1,3,3,3,2,1,2,2,2,3,2,5,3,7,5,5,3,2
982,0,3,1,7,2,6,17,3,4,3,7,4,6,1,0,3,3,2,8,2,2,9,1,0,3,2,0,5,5,1,2
39,1,1,1,4,0,0,15,3,2,3,7,2,5,3,2,0,3,2,2,1,1,7,2,0,0,2,0,2,6,12,2
403,2,2,1,2,2,2,5,0,2,2,7,4,5,7,0,0,0,2,8,2,1,3,0,1,0,2,0,2,5,1,2
403,2,0,1,4,0,2,7,3,1,2,7,0,6,7,0,0,0,2,8,2,1,4,3,2,5,3,0,2,5,18,2
895,3,1,1,4,0,2,0,3,6,2,7,2,5,7,0,3,0,5,8,1,2,2,0,1,1,2,0,2,5,12,2
895,3,1,1,4,0,2,11,3,1,3,2,2,5,7,2,3,0,5,8,1,2,2,1,0,4,2,7,5,5,2,2
940,1,1,1,4,0,3,14,3,2,3,7,4,5,3,0,3,0,2,8,1,1,2,0,0,3,2,4,2,5,10,2
165,6,0,1,4,0,2,0,1,1,3,4,2,5,3,0,0,3,7,8,1,1,2,1,0,0,2,7,5,5,10,2
280,6,1,1,4,0,5,5,3,6,2,9,0,5,0,0,0,3,2,8,2,1,2,0,1,0,2,7,5,5,3,2
280,6,2,1,0,0,4,7,0,3,2,7,2,5,0,0,0,3,2,8,2,1,2,3,2,5,3,7,2,5,3,2
374,5,4,1,1,0,2,10,3,6,2,6,2,5,7,0,0,3,3,8,1,1,2,0,1,0,2,0,2,5,9,2
160,3,1,1,1,0,2,7,3,6,2,4,5,5,1,0,3,3,3,2,2,1,2,3,2,5,3,0,2,5,10,2
160,3,4,0,4,0,2,7,3,0,2,4,0,5,1,0,3,3,3,8,2,1,2,0,1,0,2,7,5,5,1,2
64,5,4,1,2,0,2,12,3,6,2,7,2,5,7,0,0,3,2,2,1,1,4,3,2,5,3,7,5,5,16,2
651,0,4,1,4,0,2,5,1,3,3,3,2,5,7,0,0,0,2,8,2,2,3,3,2,5,3,7,5,5,10,2
651,0,1,1,4,0,1,5,3,5,3,6,1,5,7,0,0,0,2,8,2,2,2,0,1,1,2,7,5,5,16,2
651,0,1,1,6,0,2,8,3,1,2,2,4,5,7,0,0,0,2,10,2,2,3,3,2,5,3,0,2,5,9,2
275,0,4,1,4,0,3,4,1,2,2,3,4,7,7,0,3,3,4,1,1,1,2,0,1,1,2,0,2,5,10,2
95,6,1,1,4,0,0,0,3,3,2,6,7,5,1,0,0,3,2,8,1,2,3,3,2,5,3,0,2,5,10,2
95,6,1,1,6,0,4,0,3,1,2,7,2,0,1,0,0,3,2,8,1,2,13,0,1,0,2,2,2,5,12,2
326,2,4,0,1,0,0,8,3,0,3,6,4,5,1,0,0,3,2,8,1,1,2,0,1,0,2,0,2,5,12,2
535,0,0,1,4,0,2,0,3,1,3,6,2,7,1,0,0,3,2,1,1,1,2,3,2,5,3,7,5,5,0,1
1016,0,0,1,4,0,0,7,3,6,2,7,0,3,1,0,3,3,2,2,2,1,2,0,1,1,1,0,2,5,10,2
1016,0,1,1,1,2,2,5,3,0,2,6,4,6,1,0,3,3,2,10,2,1,2,3,2,5,3,0,2,5,5,2
141,6,4,0,4,0,1,10,3,6,2,9,4,5,7,0,0,3,2,8,1,1,4,3,2,5,3,5,2,5,0,2
995,1,1,1,4,2,4,8,3,5,3,7,2,5,7,0,0,3,2,10,2,1,2,0,1,1,2,0,2,5,1,2
995,1,3,1,6,0,2,14,3,1,3,6,0,5,7,2,0,3,2,10,2,1,3,3,2,5,3,0,2,5,4,2
732,5,3,1,6,0,2,7,3,2,3,6,4,7,7,0,0,0,2,10,2,1,3,0,0,0,2,0,2,5,2,1
732,5,1,1,4,0,2,8,4,6,3,6,7,5,7,0,0,0,2,8,2,1,3,3,2,5,3,0,2,5,16,1
496,2,0,1,4,0,1,10,3,2,2,7,2,6,1,4,3,0,4,8,1,1,2,0,1,0,2,1,2,5,1,1
54,5,0,1,4,0,3,9,3,6,2,2,4,5,7,0,3,3,2,2,2,2,2,0,1,1,2,0,2,5,1,2
54,5,1,1,4,0,2,5,3,5,2,4,4,5,7,0,3,3,2,2,2,2,2,1,0,3,2,3,2,5,9,2
501,6,0,1,4,0,3,8,3,0,2,6,0,5,7,0,0,3,2,8,1,1,2,0,1,0,2,0,2,5,9,1
165,0,4,1,4,0,1,5,3,5,2,2,4,5,1,0,3,3,4,8,2,1,4,3,2,5,3,0,2,5,0,2
165,0,2,1,4,0,4,8,3,6,3,6,4,5,1,0,3,3,4,8,2,1,2,3,2,5,3,7,5,5,9,2
321,1,1,1,4,0,4,3,3,6,2,6,7,5,3,0,0,3,7,8,1,1,2,0,1,0,2,0,2,5,10,2
378,1,1,1,4,2,2,17,3,6,3,9,2,5,0,0,0,3,2,8,2,2,2,3,2,5,3,7,5,5,9,2
378,1,1,1,4,0,1,7,3,2,3,6,2,5,0,0,0,3,2,6,2,2,7,0,0,0,2,7,5,5,1,2
378,1,1,1,1,0,4,17,3,2,3,9,4,5,0,0,0,3,2,8,2,2,3,3,2,5,3,7,2,5,0,2
433,5,2,1,4,0,1,10,3,1,3,6,0,5,7,0,0,3,2,2,2,1,2,0,0,3,1,0,2,5,12,2
433,5,0,1,4,0,2,13,3,1,2,6,0,5,7,0,0,3,2,1,2,1,2,3,2,5,3,0,2,5,10,2
506,6,1,1,2,0,3,5,4,6,2,7,2,5,7,0,3,0,2,8,1,1,7,0,1,0,2,0,2,5,12,2
476,5,4,1,2,0,3,5,3,5,2,7,2,5,7,0,0,0,2,8,3,1,2,3,2,5,3,0,2,5,5,1
476,5,1,1,4,0,2,11,3,3,2,9,2,5,7,0,0,0,2,8,3,1,7,0,1,1,2,0,2,5,1,1
476,5,4,1,1,0,0,0,3,5,3,2,2,5,7,0,0,0,2,8,3,1,4,3,2,5,3,0,2,5,10,1
1004,1,4,1,1,0,2,0,0,5,2,2,0,5,1,0,0,3,2,8,2,1,13,0,1,1,2,1,2,5,10,2
1004,1,4,0,4,0,2,0,3,1,2,9,0,5,1,0,0,3,2,8,2,1,2,0,1,0,2,7,2,5,0,2
565,1,4,1,4,0,0,11,3,6,2,6,2,6,1,0,3,0,4,8,2,1,2,3,2,5,3,0,2,5,1,2
565,1,1,1,4,2,2,4,3,2,2,6,2,6,1,0,3,0,4,2,2,1,2,3,2,5,3,7,5,5,1,2
687,1,4,0,2,2,3,8,3,1,3,9,2,5,7,0,3,0,4,6,2,1,2,0,1,1,2,3,2,5,5,2
687,1,3,1,7,2,4,4,3,2,3,2,7,5,7,3,3,0,4,8,2,1,2,3,2,5,3,7,5,5,9,2
1041,5,4,1,6,2,2,8,3,6,3,7,2,5,1,0,0,3,2,1,2,1,2,0,1,1,2,3,2,5,0,2
1041,5,0,1,0,0,3,13,3,6,3,6,2,5,1,0,0,3,2,8,2,1,2,0,1,0,2,7,5,5,11,2
396,6,1,1,2,0,4,4,3,6,3,7,2,5,7,0,0,3,2,8,2,2,2,3,2,5,3,3,2,5,10,2
396,6,1,1,4,0,0,17,3,6,3,7,2,5,7,0,0,3,2,1,2,2,2,3,2,5,3,7,5,5,10,2
396,6,4,0,4,0,3,17,3,6,3,14,6,5,7,0,0,3,2,1,2,2,2,0,1,0,2,7,5,5,0,2
40,0,2,1,4,2,3,5,0,1,3,9,2,9,7,0,0,3,2,8,2,2,2,3,2,5,3,3,2,5,1,1
40,0,0,1,4,0,3,7,3,4,3,2,4,5,7,0,0,3,2,8,2,2,2,0,1,1,2,1,2,5,3,1
40,0,0,1,4,0,5,7,4,6,3,7,4,5,7,0,0,3,2,8,2,2,2,1,0,3,2,2,2,5,10,1
114,6,1,1,4,0,0,0,3,5,3,7,1,5,7,0,0,3,2,8,4,2,2,3,2,5,3,1,2,5,0,2
114,6,0,1,3,2,0,7,3,5,2,9,2,5,7,0,0,3,2,8,4,2,2,0,0,1,2,7,5,5,9,2
114,6,2,1,4,2,4,0,3,5,3,6,1,5,7,0,0,3,2,2,4,2,3,2,1,3,2,1,2,1,10,2
114,6,4,1,4,2,0,10,3,5,2,4,2,5,7,0,0,3,2,8,4,2,2,2,0,3,2,7,5,5,11,2
343,5,4,1,4,2,1,5,0,6,2,9,0,5,7,0,0,3,2,8,2,2,2,3,2,5,3,1,2,5,0,2
343,5,0,1,5,2,2,17,3,6,2,6,5,5,7,0,0,3,2,8,2,2,2,0,1,0,2,1,2,5,10,2
343,5,0,1,5,2,3,0,3,1,3,7,6,5,7,0,0,3,2,8,2,2,13,0,1,3,2,1,2,5,3,2
144,3,1,1,4,2,1,17,3,5,3,2,7,5,7,0,0,3,2,8,2,2,9,1,1,0,2,0,2,5,12,2
144,3,1,1,1,2,3,5,3,3,3,4,6,5,7,0,0,3,2,8,2,2,2,3,2,5,3,0,2,5,1,2
56,1,0,1,6,2,2,17,3,5,2,1,1,5,1,3,0,3,2,8,3,2,2,0,1,0,2,4,2,5,9,2
56,1,1,1,7,2,6,5,3,5,2,0,4,5,1,0,0,3,2,8,3,2,2,3,2,5,3,0,2,5,12,2
56,1,1,1,4,2,2,15,3,5,2,7,2,5,1,3,0,3,2,8,3,2,2,0,1,0,2,3,2,5,11,2
56,1,1,1,4,2,4,5,3,5,3,7,2,5,1,0,0,3,2,8,3,2,2,3,2,5,3,7,5,5,0,2
662,1,1,1,4,2,1,5,3,5,2,4,2,9,7,0,0,0,2,8,1,1,2,1,1,0,2,7,5,5,0,0
476,0,4,1,1,0,1,7,0,1,3,7,2,5,0,0,3,3,3,8,2,1,2,3,2,5,3,0,2,5,5,2
476,0,1,1,4,0,1,14,0,6,3,6,7,5,0,0,3,3,3,8,2,1,2,0,0,1,2,0,2,5,9,2
565,4,4,1,4,0,1,14,3,5,3,14,7,5,7,0,0,0,7,8,2,1,2,3,2,5,3,0,2,5,1,2
565,4,0,1,4,0,2,5,3,6,3,6,2,5,7,0,0,0,7,8,2,1,9,0,1,1,2,0,2,5,1,2
934,6,0,1,4,0,2,5,3,6,3,6,4,5,1,0,0,3,7,2,2,1,13,0,0,0,2,7,5,5,10,1
934,6,4,1,4,0,3,7,1,5,3,7,7,5,1,0,0,3,7,8,2,1,7,3,2,5,3,0,2,5,9,1
348,4,4,0,1,0,2,0,0,1,3,7,7,5,1,0,0,3,7,8,2,1,4,0,1,1,1,3,2,5,10,2
348,4,1,1,4,0,2,17,3,5,2,7,4,5,1,0,0,3,7,8,2,1,2,3,2,5,3,3,2,5,3,2
136,0,2,1,4,0,3,15,3,3,3,7,7,5,1,0,3,3,4,8,1,1,2,1,1,3,2,3,2,5,11,2
535,4,0,1,1,2,6,5,4,6,3,9,4,5,0,0,0,3,2,1,1,1,9,2,0,3,2,0,2,5,12,2
535,6,1,1,4,2,2,7,3,1,2,2,4,5,3,0,0,3,2,8,1,1,4,2,0,0,2,2,2,5,9,2
1012,5,4,1,4,0,2,0,3,1,3,6,0,5,7,0,0,3,2,8,2,1,2,3,2,5,3,7,5,5,1,2
1012,5,4,0,4,0,4,11,3,1,3,2,7,5,7,0,0,3,2,8,2,1,2,0,1,0,2,3,2,5,10,2
165,6,2,1,7,4,6,14,3,1,3,7,2,5,1,0,0,3,2,8,1,1,4,3,2,5,3,2,2,5,3,2
360,0,0,1,4,0,2,0,3,6,3,14,7,5,1,0,0,3,2,8,1,1,2,3,2,5,3,7,5,5,0,2
1050,5,2,1,4,0,2,5,3,0,3,12,7,3,7,0,3,3,3,8,2,2,9,0,1,3,1,7,5,5,9,2
1050,5,1,2,4,0,3,7,3,2,3,6,2,6,7,0,3,3,3,8,2,2,2,0,1,1,2,0,2,5,10,2
224,3,1,1,2,0,3,10,3,4,3,7,7,3,1,0,0,3,2,8,2,2,9,3,2,5,3,7,5,5,1,2
224,3,1,1,4,0,3,7,3,5,3,6,4,5,1,0,0,3,2,1,2,2,2,0,1,1,2,0,2,5,12,2
224,3,4,1,4,0,3,7,3,6,3,7,4,5,1,0,0,3,2,8,2,2,3,3,2,5,3,0,2,5,7,2
31,2,4,0,4,0,3,12,3,1,3,7,2,5,5,0,3,0,4,8,2,1,13,0,1,1,2,0,2,5,10,2
31,2,0,1,4,0,3,5,3,6,3,6,4,5,5,0,3,0,4,8,2,1,2,3,2,5,3,0,2,5,10,2
433,5,1,1,4,0,2,5,3,6,2,7,0,5,1,0,0,3,2,8,2,1,2,3,2,5,3,3,2,5,0,2
433,5,0,1,4,0,1,8,3,6,3,2,7,5,1,0,0,3,2,2,2,1,7,0,1,1,2,3,2,5,12,2
214,0,4,1,4,0,4,4,3,6,2,6,2,5,1,0,0,3,7,8,2,1,7,3,2,5,3,0,2,5,3,2
214,0,1,1,4,0,4,0,3,3,2,6,2,5,1,0,0,3,7,8,2,1,7,0,1,0,2,0,2,5,1,2
578,5,2,1,4,0,1,0,3,1,3,7,4,7,1,0,0,3,7,8,2,1,2,2,1,1,2,7,5,5,10,2
578,5,0,1,1,0,4,4,3,1,3,9,4,5,1,0,0,3,7,8,2,1,2,3,2,5,3,0,2,5,1,2
570,5,4,0,4,0,4,6,3,5,2,9,4,5,1,0,0,3,2,8,2,1,2,0,1,0,2,0,2,5,10,2
570,5,1,1,4,0,6,5,3,2,1,14,2,5,1,0,0,3,2,8,2,1,2,1,0,0,1,0,2,5,5,2
265,3,1,1,7,0,2,14,3,5,1,7,7,5,1,0,0,3,2,8,2,1,3,2,0,0,1,7,2,5,0,2
265,3,4,1,6,0,4,0,3,5,2,6,6,3,1,0,0,3,2,2,2,1,2,3,2,5,3,7,5,5,7,2
691,0,4,1,4,0,4,7,0,5,2,12,0,5,0,0,0,0,2,8,2,2,3,0,1,1,2,0,2,5,14,2
691,0,1,1,4,0,0,7,3,5,2,7,2,3,0,0,0,0,2,8,2,2,3,3,2,5,3,0,2,5,3,2
691,0,1,1,1,0,3,15,3,2,2,7,2,8,0,0,0,0,2,8,2,2,2,0,1,0,2,3,2,5,16,2
651,2,4,0,1,0,3,0,0,5,2,2,2,5,7,0,0,3,2,8,1,1,4,3,2,5,3,0,2,5,10,2
545,4,4,1,1,0,4,3,4,6,3,6,6,6,7,0,0,3,2,6,2,1,2,3,2,5,3,0,2,5,17,2
545,4,0,1,2,0,1,3,3,6,3,7,2,6,7,0,0,3,2,8,2,1,4,0,1,0,2,0,2,5,3,2
538,3,1,1,4,0,1,5,0,6,2,9,0,5,7,0,0,0,2,8,2,1,2,0,1,0,2,7,5,5,11,1
538,3,3,1,0,0,3,5,3,6,3,6,2,5,7,0,0,0,2,2,2,1,7,3,2,5,3,0,2,5,10,1
299,0,0,1,4,0,1,4,3,6,3,6,4,5,0,0,0,3,2,8,2,1,13,1,0,1,2,0,2,5,12,2
299,0,1,1,4,0,1,0,3,4,3,6,2,5,0,0,0,3,2,8,2,1,2,0,0,3,2,3,2,5,7,2
458,6,2,1,2,0,0,15,1,0,3,2,6,5,7,0,0,3,2,8,2,2,2,0,1,0,2,7,2,5,11,2
458,6,3,1,4,0,2,7,3,6,3,6,2,5,7,0,0,3,2,2,2,2,2,3,2,5,3,7,5,5,1,2
458,6,3,1,4,0,4,0,3,0,3,6,2,6,7,0,0,3,2,2,2,2,2,0,1,1,2,0,2,5,9,2
685,0,4,0,4,0,4,0,3,6,3,6,2,6,7,0,3,3,4,8,2,1,2,3,2,5,3,0,2,5,0,2
685,0,2,1,1,0,6,0,3,2,2,6,2,5,7,0,3,3,4,8,2,1,2,0,1,0,2,0,2,5,10,2
360,3,3,1,4,0,4,0,3,6,2,7,2,5,7,0,0,3,7,2,2,2,4,3,2,5,3,7,5,5,3,2
360,3,3,1,4,0,0,11,3,6,2,9,0,5,7,0,0,3,7,2,2,2,2,0,1,0,2,0,2,5,5,2
360,3,4,1,1,0,1,4,3,6,2,2,4,5,7,0,0,3,7,8,2,2,2,3,2,5,3,3,2,5,3,2
148,4,0,1,2,0,0,5,3,6,2,7,2,5,1,0,0,3,2,8,1,1,2,3,2,5,3,3,2,5,3,2
1012,0,0,1,4,0,2,5,3,6,2,1,2,5,7,0,0,3,2,8,2,1,2,2,1,3,1,7,5,1,1,2
1012,0,2,1,4,0,4,14,4,6,3,14,6,5,7,0,0,3,2,2,2,1,7,3,2,5,3,7,2,5,10,2
1020,2,3,1,2,0,3,7,3,5,2,4,4,6,7,0,0,3,2,8,2,3,2,0,1,0,2,0,2,5,3,2
1020,2,1,1,1,2,2,0,3,6,2,7,2,5,7,0,0,3,2,3,2,3,2,0,1,0,2,0,2,5,11,2
1020,2,1,1,1,0,4,8,3,5,3,7,7,5,7,0,0,3,2,8,2,3,4,1,1,0,2,7,5,5,10,2
552,2,3,1,4,0,2,6,3,2,2,2,7,5,1,0,3,0,2,2,2,1,2,3,2,5,3,0,2,5,9,2
552,2,1,1,1,2,2,0,3,2,2,2,4,5,1,0,3,0,2,8,2,1,2,3,2,5,3,3,2,5,9,2
364,1,4,1,4,0,1,8,3,6,2,7,2,5,7,0,0,3,2,8,1,1,2,0,1,0,2,3,2,5,12,1
691,2,4,0,4,0,3,6,3,6,2,7,1,5,1,0,0,0,2,8,2,1,9,2,0,0,2,3,2,1,10,2
691,2,0,1,4,0,2,14,0,1,3,1,2,5,1,0,0,0,2,8,2,1,2,2,1,1,1,7,5,5,9,2
897,1,1,1,2,0,0,5,3,1,3,7,4,5,7,0,0,3,2,8,1,1,2,0,1,0,2,3,2,5,1,2
408,5,1,1,4,0,3,15,3,2,3,6,4,5,1,0,0,3,2,3,3,2,7,3,2,5,3,3,2,5,9,2
408,5,1,1,1,2,1,0,3,2,2,2,2,5,1,0,0,3,2,3,3,2,4,3,2,5,3,0,1,5,1,2
408,5,1,1,4,0,2,3,3,1,3,6,2,5,1,0,0,3,2,0,3,2,2,0,1,1,2,0,2,5,3,2
408,5,1,1,4,0,4,0,4,6,2,6,4,7,1,0,0,3,2,0,3,2,2,2,1,0,2,3,2,6,1,2
521,5,3,1,4,0,2,9,3,1,2,7,4,5,0,0,3,3,8,0,1,1,3,0,1,1,2,3,2,5,10,2
721,3,4,0,2,0,3,4,0,6,3,9,2,5,7,0,0,0,2,0,2,1,7,3,2,5,3,0,2,5,9,2
721,3,1,1,4,0,2,8,3,1,2,6,2,6,7,0,0,0,2,0,2,1,2,0,1,2,2,0,2,5,3,2
705,1,0,1,1,0,0,5,3,1,3,9,7,5,1,0,3,0,3,0,4,1,2,2,0,1,2,7,5,5,10,2
705,1,4,0,4,0,6,7,3,5,2,9,2,5,1,0,3,0,3,0,4,1,3,0,1,1,2,0,2,5,12,2